N,M,K,T,Time(ms),,,,,N,M,K,T,GEMM0 Time (ms),GEMM1 Time (ms),Total Time (ms),,(NF-F)/F,savings=2MN/(2MN+MK+KN+MT+TN)
1024,1024,128,128,0.0264998,,,,,1024,1024,128,128,0.0131878,0.0774717,0.0906595,,2.421139027,0.8
1024,2048,128,128,0.0305222,,,,,1024,2048,128,128,0.0132733,0.0779469,0.0912202,,1.988650884,0.842105263
1024,4096,128,128,0.0356621,,,,,1024,4096,128,128,0.0159776,0.0812128,0.0971904,,1.725313428,0.864864865
512,1024,128,128,0.0227821,,,,,512,1024,128,128,0.0130768,0.041409,0.0544858,,1.39160569,0.727272727
512,2048,128,128,0.0230934,,,,,512,2048,128,128,0.0131488,0.0413642,0.054513,,1.360544571,0.761904762
512,4096,128,128,0.0266483,,,,,512,4096,128,128,0.01328,0.042209,0.055489,,1.082271665,0.780487805
512,8192,128,128,0.0322384,,,,,512,8192,128,128,0.0161018,0.0420922,0.058194,,0.805114398,0.790123457
1024,8192,128,128,0.0625958,,,,,1024,8192,128,128,0.0298042,0.0789654,0.1087696,,0.73765013,0.876712329
256,8192,128,128,0.0209882,,,,,256,8192,128,128,0.0132083,0.0230733,0.0362816,,0.728666584,0.659793814
256,4096,128,128,0.0210278,,,,,256,4096,128,128,0.0133254,0.0226275,0.0359529,,0.709779435,0.653061224
256,2048,128,128,0.0210282,,,,,256,2048,128,128,0.0132704,0.0221949,0.0354653,,0.686559002,0.64
256,1024,128,128,0.0209574,,,,,256,1024,128,128,0.0128771,0.0222099,0.035087,,0.67420577,0.615384615
1024,1024,1024,128,0.0951158,,,,,1024,1024,1024,128,0.0790323,0.077007,0.1560393,,0.640519241,0.470588235
1024,2048,1024,128,0.106624,,,,,1024,2048,1024,128,0.0791165,0.0777488,0.1568653,,0.471200668,0.542372881
128,4096,128,128,0.0187475,,,,,128,4096,128,128,0.0132144,0.0133706,0.026585,,0.418055741,0.492307692
1024,8192,1024,128,0.223347,,,,,1024,8192,1024,128,0.235055,0.0788624,0.3139174,,0.405514289,0.612440191
128,8192,128,128,0.0189475,,,,,128,8192,128,128,0.0132902,0.0133136,0.0266038,,0.404079694,0.496124031
128,2048,128,128,0.0188314,,,,,128,2048,128,128,0.01304,0.0130358,0.0260758,,0.384697898,0.484848485
128,1024,128,128,0.0188861,,,,,128,1024,128,128,0.0129978,0.0130176,0.0260154,,0.377489265,0.470588235
1024,4096,1024,128,0.126804,,,,,1024,4096,1024,128,0.0911926,0.0814502,0.1726428,,0.361493328,0.587155963
1024,1024,2048,128,0.169435,,,,,1024,1024,2048,128,0.152669,0.0769674,0.2296364,,0.355306755,0.32
512,1024,1024,128,0.0905136,,,,,512,1024,1024,128,0.0806995,0.0413178,0.1220173,,0.348054878,0.372093023
512,2048,1024,128,0.0920704,,,,,512,2048,1024,128,0.0794893,0.0415341,0.1210234,,0.314465887,0.415584416
128,8192,2048,128,0.208556,,,,,128,8192,2048,128,0.243972,0.0133642,0.2573362,,0.233894973,0.103811841
1024,2048,2048,128,0.191214,,,,,1024,2048,2048,128,0.151966,0.078031,0.229997,,0.202825107,0.385542169
512,1024,2048,128,0.166949,,,,,512,1024,2048,128,0.15865,0.0412608,0.1999108,,0.197436343,0.23880597
512,4096,1024,128,0.102981,,,,,512,4096,1024,128,0.0794048,0.0422406,0.1216454,,0.1812412,0.44137931
512,2048,2048,128,0.167532,,,,,512,2048,2048,128,0.154375,0.0414557,0.1958307,,0.168915192,0.273504274
256,2048,1024,128,0.0886032,,,,,256,2048,1024,128,0.0808602,0.0222003,0.1030605,,0.16316905,0.283185841
1024,1024,4096,128,0.324977,,,,,1024,1024,4096,128,0.30009,0.0771158,0.3772058,,0.160715374,0.195121951
512,8192,2048,128,0.266536,,,,,512,8192,2048,128,0.265997,0.0421581,0.3081551,,0.156148138,0.306954436
256,8192,1024,128,0.0884416,,,,,256,8192,1024,128,0.079263,0.0229008,0.1021638,,0.155155492,0.301176471
256,1024,1024,128,0.0874336,,,,,256,1024,1024,128,0.0778157,0.0221994,0.1000151,,0.143897769,0.262295082
1024,1024,8192,128,1.01894,,,,,1024,1024,8192,128,1.08059,0.0767706,1.1573606,,0.135847646,0.109589041
1024,4096,2048,128,0.229175,,,,,1024,4096,2048,128,0.176893,0.0815872,0.2584802,,0.127872586,0.429530201
256,4096,1024,128,0.0909306,,,,,256,4096,1024,128,0.0791693,0.0228102,0.1019795,,0.121509151,0.294930876
512,4096,4096,128,0.507735,,,,,512,4096,4096,128,0.521714,0.0422512,0.5639652,,0.110747142,0.177285319
1024,4096,4096,128,0.557572,,,,,1024,4096,4096,128,0.532228,0.0814157,0.6136437,,0.100564053,0.279475983
256,4096,4096,128,0.448503,,,,,256,4096,4096,128,0.470848,0.0226246,0.4934726,,0.100265996,0.1024
512,1024,4096,128,0.318764,,,,,512,1024,4096,128,0.307961,0.0413344,0.3492954,,0.095780577,0.139130435
256,2048,2048,128,0.164254,,,,,256,2048,2048,128,0.157451,0.022439,0.17989,,0.095194029,0.172972973
128,4096,1024,128,0.086089,,,,,128,4096,1024,128,0.0811213,0.0131286,0.0942499,,0.094796083,0.177285319
1024,8192,2048,128,0.509744,,,,,1024,8192,2048,128,0.473996,0.078888,0.552884,,0.084630717,0.455516014
512,8192,1024,128,0.122926,,,,,512,8192,1024,128,0.0912461,0.042015,0.1332611,,0.084075785,0.455516014
256,8192,2048,128,0.242082,,,,,256,8192,2048,128,0.238747,0.0229488,0.2616958,,0.081021307,0.185776488
256,1024,2048,128,0.160845,,,,,256,1024,2048,128,0.15086,0.0221043,0.1729643,,0.075347695,0.158415842
128,2048,1024,128,0.0847056,,,,,128,2048,1024,128,0.078072,0.0130083,0.0910803,,0.075257126,0.172972973
512,2048,4096,128,0.321735,,,,,512,2048,4096,128,0.300033,0.0411843,0.3412173,,0.060553872,0.162436548
128,1024,1024,128,0.0850416,,,,,128,1024,1024,128,0.0768563,0.0129126,0.0897689,,0.055588089,0.164948454
256,4096,2048,128,0.168097,,,,,256,4096,2048,128,0.153811,0.0229411,0.1767521,,0.051488724,0.181303116
256,2048,4096,128,0.316611,,,,,256,2048,4096,128,0.30967,0.022176,0.331846,,0.048118985,0.097264438
1024,2048,4096,128,0.359413,,,,,1024,2048,4096,128,0.298648,0.0779754,0.3766234,,0.047884745,0.244274809
128,4096,2048,128,0.163601,,,,,128,4096,2048,128,0.15787,0.0132195,0.1710895,,0.045772948,0.1024
1024,2048,8192,128,1.10362,,,,,1024,2048,8192,128,1.07586,0.0781904,1.1540504,,0.045695439,0.140969163
1024,8192,4096,128,1.08592,,,,,1024,8192,4096,128,1.05558,0.0790189,1.1345989,,0.044827335,0.301176471
1024,4096,8192,128,1.12811,,,,,1024,4096,8192,128,1.09596,0.0816915,1.1776515,,0.043915487,0.164524422
128,8192,1024,128,0.0887078,,,,,128,8192,1024,128,0.0790736,0.0133546,0.0924282,,0.041939942,0.179523142
512,1024,8192,128,0.633026,,,,,512,1024,8192,128,0.617258,0.0413568,0.6586148,,0.040422984,0.075829384
128,2048,8192,128,0.81207,,,,,128,2048,8192,128,0.831539,0.0129165,0.8444555,,0.039880183,0.028144239
512,4096,2048,128,0.186977,,,,,512,4096,2048,128,0.151789,0.0425389,0.1943279,,0.039314461,0.294930876
256,1024,4096,128,0.309812,,,,,256,1024,4096,128,0.296742,0.0222544,0.3189964,,0.029645075,0.08839779
256,8192,4096,128,0.535806,,,,,256,8192,4096,128,0.52814,0.0228954,0.5510354,,0.028423347,0.105176664
128,2048,2048,128,0.159598,,,,,128,2048,2048,128,0.151113,0.0130157,0.1641287,,0.0283882,0.099688474
512,8192,4096,128,0.567521,,,,,512,8192,4096,128,0.541251,0.0420662,0.5833172,,0.027833684,0.185776488
512,4096,8192,128,1.10923,,,,,512,4096,8192,128,1.08565,0.0426016,1.1282516,,0.017148472,0.098613251
512,2048,8192,128,1.11472,,,,,512,2048,8192,128,1.09231,0.0414522,1.1337622,,0.017082496,0.089635854
128,1024,2048,128,0.159367,,,,,128,1024,2048,128,0.147535,0.0129715,0.1605065,,0.007150163,0.094674556
128,8192,4096,128,0.542804,,,,,128,8192,4096,128,0.532925,0.0133194,0.5462444,,0.006338199,0.056313242
256,8192,8192,128,1.10589,,,,,256,8192,8192,128,1.08888,0.0231226,1.1120026,,0.005527313,0.056313242
512,8192,8192,128,1.15137,,,,,512,8192,8192,128,1.11213,0.0422662,1.1543962,,0.002628347,0.103811841
256,2048,8192,128,1.03495,,,,,256,2048,8192,128,1.01183,0.022439,1.034269,,-0.000658003,0.051863857
256,1024,8192,128,0.616024,,,,,256,1024,8192,128,0.592668,0.0222134,0.6148814,,-0.001854798,0.046920821
128,8192,8192,128,1.12024,,,,,128,8192,8192,128,1.10445,0.0132262,1.1176762,,-0.002288617,0.029405008
256,4096,8192,128,1.11489,,,,,256,4096,8192,128,1.0885,0.0229437,1.1114437,,-0.003091157,0.054747648
128,4096,8192,128,1.12262,,,,,128,4096,8192,128,1.10384,0.013377,1.117217,,-0.004812849,0.028972386
128,2048,4096,128,0.308676,,,,,128,2048,4096,128,0.293557,0.0131366,0.3066936,,-0.006422268,0.053962901
128,1024,4096,128,0.306805,,,,,128,1024,4096,128,0.290708,0.0129491,0.3036571,,-0.010260263,0.051118211
1024,8192,8192,128,2.2754,,,,,1024,8192,8192,128,2.16136,0.0792806,2.2406406,,-0.015276171,0.179523142
512,8192,8192,2048,1.38301,,,,,512,8192,8192,2048,1.11138,0.237036,1.348416,,-0.025013557,0.086021505
512,8192,128,2048,0.260839,,,,,512,8192,128,2048,0.0160691,0.238107,0.2541761,,-0.02554411,0.306954436
512,8192,4096,2048,0.800321,,,,,512,8192,4096,2048,0.540126,0.237234,0.77736,,-0.028689738,0.13559322
512,8192,8192,4096,1.62198,,,,,512,8192,8192,4096,1.11238,0.459906,1.572286,,-0.030637862,0.072727273
512,8192,4096,4096,1.0329,,,,,512,8192,4096,4096,0.539364,0.459732,0.999096,,-0.032727273,0.105263158
128,1024,8192,128,0.610314,,,,,128,1024,8192,128,0.577237,0.0128938,0.5901308,,-0.03307019,0.026622296
512,8192,2048,2048,0.523009,,,,,512,8192,2048,2048,0.266269,0.236858,0.503127,,-0.038014642,0.19047619
128,8192,8192,1024,1.18283,,,,,128,8192,8192,1024,1.10329,0.0299104,1.1332004,,-0.041958354,0.026622296
256,8192,8192,1024,1.19306,,,,,256,8192,8192,1024,1.09063,0.0514544,1.1420844,,-0.04272677,0.051118211
1024,8192,8192,1024,2.50751,,,,,1024,8192,8192,1024,2.15901,0.234645,2.393655,,-0.045405602,0.164948454
512,8192,8192,1024,1.26711,,,,,512,8192,8192,1024,1.11034,0.0985786,1.2089186,,-0.045924505,0.094674556
1024,8192,4096,1024,1.34935,,,,,1024,8192,4096,1024,1.05203,0.234972,1.287002,,-0.046205951,0.262295082
512,8192,2048,4096,0.760977,,,,,512,8192,2048,4096,0.267244,0.457733,0.724977,,-0.047307606,0.13559322
256,8192,8192,2048,1.27963,,,,,256,8192,8192,2048,1.08688,0.125475,1.212355,,-0.052573791,0.046242775
1024,2048,8192,1024,1.22375,,,,,1024,2048,8192,1024,1.07736,0.0792867,1.1566467,,-0.054834157,0.129032258
512,4096,8192,1024,1.20006,,,,,512,4096,8192,1024,1.08428,0.0485987,1.1328787,,-0.055981618,0.08988764
1024,1024,8192,1024,1.2323,,,,,1024,1024,8192,1024,1.08238,0.0794202,1.1618002,,-0.057209933,0.1
128,4096,8192,1024,1.1889,,,,,128,4096,8192,1024,1.10463,0.0159155,1.1205455,,-0.057493902,0.026229508
1024,4096,8192,1024,1.26189,,,,,1024,4096,8192,1024,1.09707,0.0914054,1.1884754,,-0.058178288,0.150943396
512,8192,128,4096,0.501722,,,,,512,8192,128,4096,0.0159232,0.456354,0.4722772,,-0.05868748,0.185776488
128,8192,8192,2048,1.25184,,,,,128,8192,8192,2048,1.10294,0.0709222,1.1738622,,-0.062290548,0.024024024
512,2048,8192,1024,1.2115,,,,,512,2048,8192,1024,1.09176,0.0422656,1.1340256,,-0.063949154,0.081632653
512,8192,4096,1024,0.682901,,,,,512,8192,4096,1024,0.539817,0.098504,0.638321,,-0.065280326,0.158415842
256,4096,8192,1024,1.19338,,,,,256,4096,8192,1024,1.08686,0.0267725,1.1136325,,-0.066824901,0.049689441
1024,8192,8192,2048,2.80726,,,,,1024,8192,8192,2048,2.16333,0.451693,2.615023,,-0.068478516,0.150943396
256,8192,4096,1024,0.624115,,,,,256,8192,4096,1024,0.528003,0.0511507,0.5791537,,-0.072040089,0.08839779
512,1024,8192,1024,0.711901,,,,,512,1024,8192,1024,0.617471,0.0421808,0.6596518,,-0.073393913,0.068965517
256,8192,4096,2048,0.709236,,,,,256,8192,4096,2048,0.527661,0.125719,0.65338,,-0.078755168,0.074766355
256,8192,8192,4096,1.45238,,,,,256,8192,8192,4096,1.09135,0.245778,1.337128,,-0.079353888,0.038834951
128,8192,4096,1024,0.609201,,,,,128,8192,4096,1024,0.530854,0.0298365,0.5606905,,-0.079629712,0.046920821
128,4096,4096,128,0.468778,,,,,128,4096,4096,128,0.417682,0.0134352,0.4311172,,-0.080338241,0.055507372
512,8192,8192,8192,2.07478,,,,,512,8192,8192,8192,1.10831,0.798478,1.906788,,-0.080968585,0.055555556
1024,4096,8192,2048,1.41354,,,,,1024,4096,8192,2048,1.09624,0.20274,1.29898,,-0.081044753,0.137931034
1024,8192,4096,2048,1.64458,,,,,1024,8192,4096,2048,1.05484,0.454428,1.509268,,-0.082277542,0.228571429
1024,8192,2048,1024,0.7755,,,,,1024,8192,2048,1024,0.473134,0.23472,0.707854,,-0.087228885,0.372093023
512,8192,2048,1024,0.402915,,,,,512,8192,2048,1024,0.266763,0.0991754,0.3659384,,-0.091772706,0.23880597
128,4096,8192,2048,1.24993,,,,,128,4096,8192,2048,1.10381,0.029713,1.133523,,-0.093130815,0.023668639
256,1024,8192,1024,0.68248,,,,,256,1024,8192,1024,0.595571,0.023025,0.618596,,-0.093605673,0.042553191
1024,4096,4096,1024,0.687667,,,,,1024,4096,4096,1024,0.531398,0.0917536,0.6231516,,-0.093817793,0.242424242
1024,4096,8192,4096,1.7026,,,,,1024,4096,8192,4096,1.0959,0.445885,1.541785,,-0.094452602,0.117647059
1024,8192,8192,4096,3.35603,,,,,1024,8192,8192,4096,2.16536,0.870147,3.035507,,-0.095506596,0.129032258
512,4096,4096,1024,0.632184,,,,,512,4096,4096,1024,0.522121,0.0488016,0.5709226,,-0.096904382,0.150943396
512,4096,8192,2048,1.3096,,,,,512,4096,8192,2048,1.0847,0.0941498,1.1788498,,-0.099839798,0.081632653
1024,1024,4096,1024,0.422794,,,,,1024,1024,4096,1024,0.299753,0.07944,0.379193,,-0.103125872,0.166666667
128,8192,8192,4096,1.39058,,,,,128,8192,8192,4096,1.10719,0.139856,1.247046,,-0.103218801,0.020100503
512,8192,4096,8192,1.49731,,,,,512,8192,4096,8192,0.540539,0.800992,1.341531,,-0.104039244,0.072727273
128,1024,8192,1024,0.660415,,,,,128,1024,8192,1024,0.577449,0.013367,0.590816,,-0.105386764,0.024096386
1024,8192,1024,1024,0.524307,,,,,1024,8192,1024,1024,0.23366,0.233509,0.467169,,-0.108978137,0.470588235
256,4096,8192,2048,1.28124,,,,,256,4096,8192,2048,1.08603,0.0512032,1.1372332,,-0.112396428,0.04494382
512,1024,4096,1024,0.395699,,,,,512,1024,4096,1024,0.3089,0.0422733,0.3511733,,-0.112524166,0.117647059
128,8192,4096,2048,0.679534,,,,,128,8192,4096,2048,0.530996,0.0708973,0.6018933,,-0.114255799,0.039408867
1024,8192,128,1024,0.300122,,,,,1024,8192,128,1024,0.0297194,0.235077,0.2647964,,-0.117704134,0.612440191
512,8192,1024,4096,0.623354,,,,,512,8192,1024,4096,0.091207,0.458252,0.549459,,-0.118544198,0.158415842
256,2048,4096,1024,0.378474,,,,,256,2048,4096,1024,0.30926,0.0231491,0.3324091,,-0.121712192,0.081632653
512,4096,8192,4096,1.51367,,,,,512,4096,8192,4096,1.08244,0.234196,1.316636,,-0.13016972,0.068965517
1024,4096,4096,2048,0.841694,,,,,1024,4096,4096,2048,0.529709,0.201868,0.731577,,-0.130827831,0.210526316
128,2048,4096,1024,0.354216,,,,,128,2048,4096,1024,0.294472,0.0133462,0.3078182,,-0.130987307,0.04494382
1024,8192,4096,4096,2.21668,,,,,1024,8192,4096,4096,1.05461,0.870579,1.925189,,-0.131498908,0.181818182
512,2048,8192,2048,1.31472,,,,,512,2048,8192,2048,1.09272,0.0484826,1.1412026,,-0.131980498,0.074074074
256,8192,4096,4096,0.89397,,,,,256,8192,4096,4096,0.528862,0.245327,0.774189,,-0.133987718,0.057142857
256,2048,8192,1024,1.20069,,,,,256,2048,8192,1024,1.01423,0.023304,1.037534,,-0.135885199,0.047058824
1024,4096,4096,4096,1.13137,,,,,1024,4096,4096,4096,0.531399,0.443576,0.974975,,-0.13823506,0.166666667
1024,2048,8192,2048,1.35884,,,,,1024,2048,8192,2048,1.07834,0.0913104,1.1696504,,-0.139228754,0.117647059
1024,1024,2048,1024,0.270053,,,,,1024,1024,2048,1024,0.152498,0.0796989,0.2321969,,-0.140180261,0.25
512,8192,2048,8192,1.2403,,,,,512,8192,2048,8192,0.266986,0.793812,1.060798,,-0.144724663,0.086021505
512,2048,4096,1024,0.400661,,,,,512,2048,4096,1024,0.300016,0.0423104,0.3423264,,-0.145595903,0.137931034
1024,8192,1024,2048,0.804178,,,,,1024,8192,1024,2048,0.23499,0.451184,0.686174,,-0.146738657,0.372093023
256,1024,4096,1024,0.374094,,,,,256,1024,4096,1024,0.296103,0.0230051,0.3191081,,-0.14698418,0.074074074
1024,8192,2048,2048,1.08904,,,,,1024,8192,2048,2048,0.474514,0.454341,0.928855,,-0.147088261,0.307692308
128,1024,4096,1024,0.354923,,,,,128,1024,4096,1024,0.289214,0.0133584,0.3025724,,-0.147498471,0.042553191
512,8192,1024,2048,0.386073,,,,,512,8192,1024,2048,0.0913789,0.237196,0.3285749,,-0.148930643,0.23880597
1024,1024,8192,2048,1.36531,,,,,1024,1024,8192,2048,1.08018,0.0794064,1.1595864,,-0.15067904,0.090909091
1024,4096,8192,8192,2.28435,,,,,1024,4096,8192,8192,1.09714,0.842329,1.939469,,-0.150975551,0.090909091
128,4096,8192,4096,1.38936,,,,,128,4096,8192,4096,1.10688,0.069951,1.176831,,-0.152968993,0.01980198
1024,8192,8192,8192,4.46634,,,,,1024,8192,8192,8192,2.16226,1.59951,3.76177,,-0.157751089,0.1
256,8192,8192,8192,1.79842,,,,,256,8192,8192,8192,1.08817,0.425157,1.513327,,-0.158524149,0.029411765
1024,8192,128,2048,0.578799,,,,,1024,8192,128,2048,0.0298122,0.452483,0.4822952,,-0.16673111,0.455516014
512,8192,128,8192,0.974875,,,,,512,8192,128,8192,0.0161222,0.795039,0.8111612,,-0.16793312,0.103811841
256,4096,8192,4096,1.45945,,,,,256,4096,8192,4096,1.08932,0.124356,1.213676,,-0.168401795,0.037735849
512,4096,4096,2048,0.742901,,,,,512,4096,4096,2048,0.522148,0.094207,0.616355,,-0.170340328,0.129032258
128,1024,8192,2048,0.711283,,,,,128,1024,8192,2048,0.576566,0.0133942,0.5899602,,-0.170568958,0.02173913
512,1024,2048,1024,0.242588,,,,,512,1024,2048,1024,0.158618,0.0423757,0.2009937,,-0.171460666,0.181818182
512,8192,128,1024,0.137995,,,,,512,8192,128,1024,0.0160678,0.0981712,0.114239,,-0.172151165,0.455516014
128,4096,2048,1024,0.210168,,,,,128,4096,2048,1024,0.157883,0.0160378,0.1739208,,-0.17246774,0.074766355
256,1024,8192,2048,0.748058,,,,,256,1024,8192,2048,0.595287,0.0231843,0.6184713,,-0.173230819,0.038461538
128,8192,4096,4096,0.814512,,,,,128,8192,4096,4096,0.53129,0.139945,0.671235,,-0.175905327,0.029850746
256,8192,2048,2048,0.447146,,,,,256,8192,2048,2048,0.239581,0.125862,0.365443,,-0.18272108,0.108108108
256,8192,2048,1024,0.354906,,,,,256,8192,2048,1024,0.238097,0.0514838,0.2895808,,-0.184063386,0.139130435
512,8192,1024,8192,1.08774,,,,,512,8192,1024,8192,0.0913213,0.795261,0.8865823,,-0.184931785,0.094674556
128,8192,8192,8192,1.64767,,,,,128,8192,8192,8192,1.10072,0.241188,1.341908,,-0.185572354,0.015151515
1024,1024,1024,1024,0.195252,,,,,1024,1024,1024,1024,0.0793875,0.079209,0.1585965,,-0.187734313,0.333333333
128,2048,8192,1024,1.04473,,,,,128,2048,8192,1024,0.832548,0.0133354,0.8458834,,-0.190333005,0.025477707
1024,8192,2048,4096,1.67093,,,,,1024,8192,2048,4096,0.475309,0.875485,1.350794,,-0.191591509,0.228571429
256,2048,8192,2048,1.28875,,,,,256,2048,8192,2048,1.01428,0.0270512,1.0413312,,-0.19198355,0.042553191
1024,4096,4096,8192,1.70247,,,,,1024,4096,4096,8192,0.531398,0.844218,1.375616,,-0.191988111,0.117647059
128,8192,2048,1024,0.340338,,,,,128,8192,2048,1024,0.243663,0.0299376,0.2736006,,-0.196091533,0.075829384
256,4096,4096,1024,0.619856,,,,,256,4096,4096,1024,0.470564,0.0271578,0.4977218,,-0.197036408,0.086021505
1024,8192,4096,8192,3.3329,,,,,1024,8192,4096,8192,1.05443,1.60265,2.65708,,-0.20277236,0.129032258
128,2048,2048,1024,0.206135,,,,,128,2048,2048,1024,0.150701,0.0133738,0.1640748,,-0.204042011,0.072727273
1024,2048,8192,4096,1.62136,,,,,1024,2048,8192,4096,1.07972,0.209103,1.288823,,-0.205097572,0.1
512,2048,2048,1024,0.248137,,,,,512,2048,2048,1024,0.154169,0.0422704,0.1964394,,-0.208342972,0.210526316
512,4096,4096,4096,0.955341,,,,,512,4096,4096,4096,0.522845,0.233375,0.75622,,-0.208429241,0.1
256,2048,2048,1024,0.227724,,,,,256,2048,2048,1024,0.15706,0.0231866,0.1802466,,-0.208486589,0.129032258
1024,8192,1024,4096,1.40901,,,,,1024,8192,1024,4096,0.234102,0.873071,1.107173,,-0.214219204,0.262295082
512,4096,8192,8192,1.91924,,,,,512,4096,8192,8192,1.08347,0.423913,1.507383,,-0.214593798,0.052631579
512,2048,8192,4096,1.51716,,,,,512,2048,8192,4096,1.09627,0.0941974,1.1904674,,-0.215331672,0.0625
128,1024,2048,1024,0.2057,,,,,128,1024,2048,1024,0.147966,0.0132058,0.1611718,,-0.216471561,0.068965517
256,8192,2048,4096,0.622663,,,,,256,8192,2048,4096,0.239028,0.246021,0.485049,,-0.221008796,0.074766355
256,8192,128,1024,0.0833853,,,,,256,8192,128,1024,0.013336,0.0512694,0.0646054,,-0.225218354,0.301176471
256,1024,2048,1024,0.224501,,,,,256,1024,2048,1024,0.15076,0.0230278,0.1737878,,-0.22589298,0.117647059
1024,8192,128,4096,1.16998,,,,,1024,8192,128,4096,0.0297437,0.872755,0.9024987,,-0.228620404,0.301176471
256,8192,4096,8192,1.23468,,,,,256,8192,4096,8192,0.528496,0.423316,0.951812,,-0.229102278,0.038834951
128,8192,2048,2048,0.410439,,,,,128,8192,2048,2048,0.244416,0.0705181,0.3149341,,-0.232689632,0.057971014
256,4096,2048,1024,0.234822,,,,,256,4096,2048,1024,0.152901,0.0269882,0.1798892,,-0.233933788,0.13559322
1024,2048,2048,1024,0.304699,,,,,1024,2048,2048,1024,0.152245,0.0793661,0.2316111,,-0.239869182,0.307692308
1024,4096,128,4096,0.606409,,,,,1024,4096,128,4096,0.0160659,0.444774,0.4608399,,-0.240051022,0.279475983
512,8192,1024,1024,0.250294,,,,,512,8192,1024,1024,0.0918634,0.0979469,0.1898103,,-0.241650619,0.32
256,8192,128,2048,0.182773,,,,,256,8192,128,2048,0.0131926,0.125351,0.1385436,,-0.241990885,0.185776488
128,4096,8192,8192,1.64853,,,,,128,4096,8192,8192,1.10839,0.128452,1.236842,,-0.249730366,0.014925373
1024,4096,2048,1024,0.358763,,,,,1024,4096,2048,1024,0.177164,0.0911424,0.2683064,,-0.252134696,0.347826087
1024,8192,2048,8192,2.77691,,,,,1024,8192,2048,8192,0.473151,1.60082,2.073971,,-0.25313712,0.150943396
1024,4096,1024,4096,0.719692,,,,,1024,4096,1024,4096,0.0913219,0.444324,0.5356459,,-0.255728979,0.242424242
128,1024,4096,2048,0.409087,,,,,128,1024,4096,2048,0.290524,0.0132736,0.3037976,,-0.257376548,0.035714286
256,4096,4096,2048,0.708185,,,,,256,4096,4096,2048,0.473364,0.0512787,0.5246427,,-0.259172815,0.072727273
128,4096,1024,1024,0.131432,,,,,128,4096,1024,1024,0.0813802,0.0159747,0.0973549,,-0.259275519,0.108108108
256,2048,4096,2048,0.456248,,,,,256,2048,4096,2048,0.310069,0.0268915,0.3369605,,-0.261453201,0.068965517
512,1024,1024,1024,0.166687,,,,,512,1024,1024,1024,0.080673,0.0424029,0.1230759,,-0.261634681,0.25
128,4096,4096,1024,0.588504,,,,,128,4096,4096,1024,0.417152,0.0160438,0.4331958,,-0.263903389,0.046242775
512,1024,4096,2048,0.479229,,,,,512,1024,4096,2048,0.308932,0.0423152,0.3512472,,-0.267057711,0.1
1024,8192,1024,8192,2.51898,,,,,1024,8192,1024,8192,0.234643,1.6091,1.843743,,-0.268059691,0.164948454
256,2048,8192,4096,1.45647,,,,,256,2048,8192,4096,1.01212,0.0513216,1.0634416,,-0.26984998,0.035714286
1024,4096,128,8192,1.17771,,,,,1024,4096,128,8192,0.0158122,0.842137,0.8579492,,-0.271510644,0.164524422
1024,4096,2048,4096,0.857143,,,,,1024,4096,2048,4096,0.178137,0.445688,0.623825,,-0.272204288,0.210526316
1024,4096,1024,1024,0.251017,,,,,1024,4096,1024,1024,0.0913245,0.0912403,0.1825648,,-0.272699459,0.444444444
256,4096,8192,8192,1.80111,,,,,256,4096,8192,8192,1.08389,0.225413,1.309303,,-0.273057726,0.028571429
128,2048,8192,2048,1.16532,,,,,128,2048,8192,2048,0.827807,0.0158675,0.8436745,,-0.276014743,0.022988506
512,4096,2048,1024,0.278088,,,,,512,4096,2048,1024,0.152444,0.048633,0.201077,,-0.276930324,0.228571429
1024,1024,8192,4096,1.6275,,,,,1024,1024,8192,4096,1.08106,0.092015,1.173075,,-0.27921659,0.076923077
128,1024,8192,4096,0.822908,,,,,128,1024,8192,4096,0.577075,0.0159302,0.5930052,,-0.279378497,0.018181818
1024,4096,1024,8192,1.2948,,,,,1024,4096,1024,8192,0.0914224,0.840898,0.9323204,,-0.279950263,0.150943396
128,8192,4096,8192,1.07455,,,,,128,8192,4096,8192,0.531575,0.241243,0.772818,,-0.280798474,0.020100503
1024,1024,128,1024,0.128153,,,,,1024,1024,128,1024,0.0131235,0.0790224,0.0921459,,-0.280969622,0.470588235
256,1024,4096,2048,0.443497,,,,,256,1024,4096,2048,0.295168,0.0228941,0.3180621,,-0.282831451,0.0625
512,2048,1024,1024,0.169802,,,,,512,2048,1024,1024,0.0793437,0.0423453,0.121689,,-0.283347664,0.285714286
1024,4096,1024,2048,0.409386,,,,,1024,4096,1024,2048,0.0913446,0.201044,0.2923886,,-0.285787496,0.347826087
1024,4096,2048,8192,1.43249,,,,,1024,4096,2048,8192,0.176892,0.842613,1.019505,,-0.288298697,0.137931034
1024,8192,128,8192,2.29733,,,,,1024,8192,128,8192,0.0297133,1.60237,1.6320833,,-0.289573853,0.179523142
1024,4096,128,2048,0.306229,,,,,1024,4096,128,2048,0.0158342,0.201483,0.2173172,,-0.290344154,0.429530201
1024,2048,1024,1024,0.221945,,,,,1024,2048,1024,1024,0.0786621,0.0788253,0.1574874,,-0.290421501,0.4
1024,1024,4096,2048,0.534521,,,,,1024,1024,4096,2048,0.300158,0.0789818,0.3791398,,-0.290692414,0.142857143
128,8192,2048,4096,0.543432,,,,,128,8192,2048,4096,0.24432,0.13953,0.38385,,-0.293655876,0.039408867
1024,2048,8192,8192,2.16147,,,,,1024,2048,8192,8192,1.07907,0.44176,1.52083,,-0.296390882,0.076923077
1024,2048,4096,1024,0.536861,,,,,1024,2048,4096,1024,0.296981,0.079376,0.376357,,-0.298967517,0.210526316
128,2048,1024,1024,0.1312,,,,,128,2048,1024,1024,0.0774742,0.0134122,0.0908864,,-0.307268293,0.105263158
512,4096,4096,8192,1.36778,,,,,512,4096,4096,8192,0.523158,0.423535,0.946693,,-0.307861644,0.068965517
256,2048,1024,1024,0.15071,,,,,256,2048,1024,1024,0.0810285,0.0230467,0.1040752,,-0.309434012,0.181818182
256,8192,128,4096,0.37598,,,,,256,8192,128,4096,0.0131594,0.24544,0.2585994,,-0.312199053,0.105176664
128,1024,1024,1024,0.131855,,,,,128,1024,1024,1024,0.0769069,0.0132566,0.0901635,,-0.316192029,0.1
256,4096,1024,1024,0.155545,,,,,256,4096,1024,1024,0.079079,0.0268022,0.1058812,,-0.319288952,0.19047619
512,2048,8192,8192,1.9427,,,,,512,2048,8192,8192,1.09027,0.229912,1.320182,,-0.320439594,0.047619048
256,8192,1024,1024,0.191527,,,,,256,8192,1024,1024,0.078865,0.0511869,0.1300519,,-0.320973544,0.195121951
256,8192,2048,8192,0.978508,,,,,256,8192,2048,8192,0.239532,0.42386,0.663392,,-0.322037224,0.046242775
1024,4096,2048,2048,0.560228,,,,,1024,4096,2048,2048,0.176874,0.202283,0.379157,,-0.323209479,0.285714286
256,4096,4096,4096,0.880719,,,,,256,4096,4096,4096,0.470617,0.124428,0.595045,,-0.324364525,0.055555556
256,1024,1024,1024,0.149456,,,,,256,1024,1024,1024,0.0775635,0.0230518,0.1006153,,-0.326789824,0.166666667
128,2048,4096,2048,0.464979,,,,,128,2048,4096,2048,0.296564,0.0158454,0.3124094,,-0.328121485,0.037735849
128,8192,128,1024,0.0640829,,,,,128,8192,128,1024,0.013192,0.0297408,0.0429328,,-0.330042804,0.179523142
128,4096,4096,2048,0.675486,,,,,128,4096,4096,2048,0.417795,0.029712,0.447507,,-0.337503664,0.038834951
256,8192,1024,4096,0.491025,,,,,256,8192,1024,4096,0.0787549,0.245308,0.3240629,,-0.340027697,0.08839779
512,4096,1024,1024,0.194119,,,,,512,4096,1024,1024,0.0789306,0.0482838,0.1272144,,-0.344657658,0.307692308
512,1024,8192,2048,1.01964,,,,,512,1024,8192,2048,0.623442,0.04216,0.665602,,-0.347218626,0.0625
256,8192,1024,2048,0.314582,,,,,256,8192,1024,2048,0.0786762,0.12517,0.2038462,,-0.352009333,0.139130435
1024,4096,128,1024,0.16565,,,,,1024,4096,128,1024,0.0158394,0.0914557,0.1072951,,-0.352278298,0.587155963
128,2048,2048,2048,0.260612,,,,,128,2048,2048,2048,0.150748,0.0158835,0.1666315,,-0.36061463,0.055555556
128,1024,2048,2048,0.257772,,,,,128,1024,2048,2048,0.148792,0.0134333,0.1622253,,-0.37066361,0.052631579
1024,2048,128,1024,0.146418,,,,,1024,2048,128,1024,0.0133859,0.0786573,0.0920432,,-0.371366908,0.542372881
256,2048,8192,8192,1.82466,,,,,256,2048,8192,8192,1.01521,0.123019,1.138229,,-0.376196661,0.027027027
128,8192,1024,1024,0.175079,,,,,128,8192,1024,1024,0.0790128,0.0295981,0.1086109,,-0.379646331,0.109589041
128,2048,8192,4096,1.39655,,,,,128,2048,8192,4096,0.831583,0.02972,0.861303,,-0.383263757,0.019230769
512,1024,2048,2048,0.330236,,,,,512,1024,2048,2048,0.159702,0.0419738,0.2016758,,-0.389297957,0.142857143
128,8192,2048,8192,0.811368,,,,,128,8192,2048,8192,0.253773,0.241162,0.494935,,-0.389999359,0.024024024
256,2048,2048,2048,0.302666,,,,,256,2048,2048,2048,0.157533,0.0267552,0.1842882,,-0.391116941,0.1
1024,1024,8192,8192,2.14503,,,,,1024,1024,8192,8192,1.08164,0.22419,1.30583,,-0.391229959,0.058823529
128,4096,4096,4096,0.81261,,,,,128,4096,4096,4096,0.417312,0.0699043,0.4872163,,-0.400430342,0.029411765
1024,1024,2048,2048,0.387047,,,,,1024,1024,2048,2048,0.152691,0.0791731,0.2318641,,-0.400940713,0.2
256,8192,128,8192,0.732195,,,,,256,8192,128,8192,0.0132778,0.425249,0.4385268,,-0.401079221,0.056313242
512,2048,2048,2048,0.338941,,,,,512,2048,2048,2048,0.154462,0.0485043,0.2029663,,-0.401175131,0.166666667
256,8192,1024,8192,0.844474,,,,,256,8192,1024,8192,0.0788675,0.423604,0.5024715,,-0.404988786,0.051118211
128,1024,4096,4096,0.513276,,,,,128,1024,4096,4096,0.289403,0.0157958,0.3051988,,-0.405390472,0.027027027
256,1024,2048,2048,0.295555,,,,,256,1024,2048,2048,0.151124,0.0230723,0.1741963,,-0.410612915,0.090909091
512,4096,1024,2048,0.296473,,,,,512,4096,1024,2048,0.0789629,0.0936931,0.172656,,-0.417633309,0.228571429
128,8192,128,2048,0.145624,,,,,128,8192,128,2048,0.0133379,0.0707398,0.0840777,,-0.422638439,0.103811841
256,4096,4096,8192,1.21913,,,,,256,4096,4096,8192,0.472399,0.225675,0.698074,,-0.427399867,0.037735849
512,4096,1024,4096,0.552453,,,,,512,4096,1024,4096,0.0788365,0.233443,0.3122795,,-0.43474015,0.150943396
256,1024,8192,4096,1.09252,,,,,256,1024,8192,4096,0.590206,0.0268832,0.6170892,,-0.435168967,0.032258065
512,4096,2048,4096,0.681272,,,,,512,4096,2048,4096,0.151677,0.23292,0.384597,,-0.435472176,0.129032258
512,2048,128,1024,0.098735,,,,,512,2048,128,1024,0.0133523,0.0420486,0.0554009,,-0.438892996,0.415584416
1024,2048,2048,2048,0.43587,,,,,1024,2048,2048,2048,0.152084,0.0912688,0.2433528,,-0.441684906,0.25
512,4096,128,4096,0.441434,,,,,512,4096,128,4096,0.0133843,0.232968,0.2463523,,-0.441927219,0.177285319
512,1024,128,1024,0.0993376,,,,,512,1024,128,1024,0.0132362,0.041937,0.0551732,,-0.444588957,0.372093023
512,2048,4096,2048,0.627435,,,,,512,2048,4096,2048,0.300094,0.0483402,0.3484342,,-0.44466885,0.117647059
512,4096,2048,2048,0.445292,,,,,512,4096,2048,2048,0.151786,0.0937418,0.2455278,,-0.448613943,0.181818182
512,1024,4096,4096,0.652811,,,,,512,1024,4096,4096,0.310648,0.0483258,0.3589738,,-0.450110675,0.076923077
128,4096,1024,2048,0.202404,,,,,128,4096,1024,2048,0.0811258,0.0297414,0.1108672,,-0.452247979,0.074766355
256,1024,4096,4096,0.590925,,,,,256,1024,4096,4096,0.295178,0.0269258,0.3221038,,-0.454915937,0.047619048
128,8192,1024,2048,0.27496,,,,,128,8192,1024,2048,0.0789558,0.070551,0.1495068,,-0.45625982,0.075829384
128,2048,8192,8192,1.65631,,,,,128,2048,8192,8192,0.82552,0.0690413,0.8945613,,-0.459907083,0.014492754
128,8192,1024,4096,0.406908,,,,,128,8192,1024,4096,0.0788902,0.139449,0.2183392,,-0.463418758,0.046920821
128,4096,2048,2048,0.351565,,,,,128,4096,2048,2048,0.157791,0.0297568,0.1875478,,-0.466534496,0.057142857
128,8192,128,4096,0.289271,,,,,128,8192,128,4096,0.0134061,0.139949,0.1533551,,-0.46985664,0.056313242
512,4096,2048,8192,1.09939,,,,,512,4096,2048,8192,0.152523,0.42526,0.577783,,-0.474451287,0.081632653
256,4096,1024,2048,0.247618,,,,,256,4096,1024,2048,0.0790829,0.0509558,0.1300387,,-0.47484149,0.13559322
256,4096,2048,2048,0.389195,,,,,256,4096,2048,2048,0.152703,0.0512509,0.2039539,,-0.475959609,0.105263158
512,4096,128,1024,0.119012,,,,,512,4096,128,1024,0.0133248,0.0487837,0.0621085,,-0.478132457,0.44137931
512,4096,1024,8192,0.970912,,,,,512,4096,1024,8192,0.0790182,0.423938,0.5029562,,-0.481975503,0.08988764
1024,2048,4096,2048,0.761007,,,,,1024,2048,4096,2048,0.296972,0.0914387,0.3884107,,-0.489609557,0.181818182
512,4096,128,8192,0.859411,,,,,512,4096,128,8192,0.0131562,0.423294,0.4364502,,-0.492151951,0.098613251
1024,1024,1024,2048,0.310213,,,,,1024,1024,1024,2048,0.0791034,0.0783082,0.1574116,,-0.492569299,0.25
128,4096,4096,8192,1.07831,,,,,128,4096,4096,8192,0.417377,0.12845,0.545827,,-0.49381254,0.01980198
128,2048,1024,2048,0.185809,,,,,128,2048,1024,2048,0.0777126,0.0157872,0.0934998,,-0.496796172,0.072727273
512,2048,1024,2048,0.261375,,,,,512,2048,1024,2048,0.0790976,0.048449,0.1275466,,-0.512016834,0.210526316
512,4096,128,2048,0.220548,,,,,512,4096,128,2048,0.0132624,0.094041,0.1073034,,-0.513469177,0.294930876
256,4096,128,1024,0.0831085,,,,,256,4096,128,1024,0.013431,0.0269267,0.0403577,,-0.514397444,0.294930876
512,1024,1024,2048,0.253916,,,,,512,1024,1024,2048,0.0810986,0.0421485,0.1232471,,-0.514614676,0.181818182
128,1024,1024,2048,0.18572,,,,,128,1024,1024,2048,0.0768179,0.0132368,0.0900547,,-0.515104997,0.068965517
1024,2048,1024,2048,0.353839,,,,,1024,2048,1024,2048,0.0787958,0.091967,0.1707628,,-0.517399721,0.307692308
256,2048,1024,2048,0.223363,,,,,256,2048,1024,2048,0.0809069,0.0267862,0.1076931,,-0.517856136,0.129032258
128,2048,4096,4096,0.67821,,,,,128,2048,4096,4096,0.296446,0.0297312,0.3261772,,-0.519061648,0.028571429
1024,2048,4096,4096,1.0675,,,,,1024,2048,4096,4096,0.298227,0.208438,0.506665,,-0.525372365,0.142857143
128,8192,1024,8192,0.679513,,,,,128,8192,1024,8192,0.0794333,0.240129,0.3195623,,-0.529718637,0.026622296
128,2048,2048,4096,0.39108,,,,,128,2048,2048,4096,0.151105,0.029751,0.180856,,-0.537547305,0.037735849
256,2048,4096,4096,0.784561,,,,,256,2048,4096,4096,0.310078,0.0510547,0.3611327,,-0.539700928,0.052631579
1024,2048,4096,8192,1.60607,,,,,1024,2048,4096,8192,0.296169,0.441756,0.737925,,-0.540539952,0.1
128,8192,128,8192,0.554613,,,,,128,8192,128,8192,0.013329,0.240472,0.253801,,-0.542381805,0.029405008
256,2048,2048,4096,0.459137,,,,,256,2048,2048,4096,0.157453,0.0512064,0.2086594,,-0.545540002,0.068965517
128,4096,128,1024,0.0642,,,,,128,4096,128,1024,0.0131334,0.0159805,0.0291139,,-0.546512461,0.177285319
1024,2048,1024,4096,0.633835,,,,,1024,2048,1024,4096,0.0788742,0.20852,0.2873942,,-0.546578841,0.210526316
128,1024,2048,4096,0.363054,,,,,128,1024,2048,4096,0.148404,0.0160189,0.1644229,,-0.547111724,0.035714286
256,4096,2048,4096,0.611162,,,,,256,4096,2048,4096,0.152671,0.123934,0.276605,,-0.547411325,0.072727273
1024,2048,2048,4096,0.801674,,,,,1024,2048,2048,4096,0.151915,0.209228,0.361143,,-0.549513892,0.181818182
256,1024,1024,2048,0.224278,,,,,256,1024,1024,2048,0.077864,0.023135,0.100999,,-0.549670498,0.117647059
1024,2048,2048,8192,1.34507,,,,,1024,2048,2048,8192,0.15215,0.441053,0.593203,,-0.55897983,0.117647059
128,1024,4096,8192,0.723866,,,,,128,1024,4096,8192,0.289494,0.029672,0.319166,,-0.559081377,0.018181818
512,1024,8192,4096,1.5172,,,,,512,1024,8192,4096,0.619618,0.0483994,0.6680174,,-0.559703796,0.052631579
256,2048,128,1024,0.0836627,,,,,256,2048,128,1024,0.0131082,0.0230038,0.036112,,-0.568362006,0.283185841
256,1024,128,1024,0.0839472,,,,,256,1024,128,1024,0.0130515,0.0231683,0.0362198,,-0.568540702,0.262295082
512,2048,2048,4096,0.578738,,,,,512,2048,2048,4096,0.154254,0.0936202,0.2478742,,-0.571698765,0.117647059
1024,2048,1024,8192,1.21598,,,,,1024,2048,1024,8192,0.0791434,0.439594,0.5187374,,-0.573399727,0.129032258
256,4096,1024,4096,0.479612,,,,,256,4096,1024,4096,0.0790586,0.123881,0.2029396,,-0.576867134,0.086021505
128,4096,2048,4096,0.541799,,,,,128,4096,2048,4096,0.157901,0.0696608,0.2275618,,-0.57998852,0.038834951
512,2048,4096,4096,0.947272,,,,,512,2048,4096,4096,0.299914,0.0940352,0.3939492,,-0.584122406,0.090909091
256,4096,128,2048,0.155738,,,,,256,4096,128,2048,0.01332,0.0514387,0.0647587,,-0.584181767,0.181303116
1024,2048,128,4096,0.534957,,,,,1024,2048,128,4096,0.0132426,0.208944,0.2221866,,-0.584664562,0.244274809
128,1024,8192,8192,1.47111,,,,,128,1024,8192,8192,0.579428,0.0297222,0.6091502,,-0.585924778,0.01369863
256,4096,128,4096,0.334301,,,,,256,4096,128,4096,0.0132147,0.124385,0.1375997,,-0.588395787,0.1024
512,1024,2048,4096,0.503698,,,,,512,1024,2048,4096,0.158657,0.048656,0.207313,,-0.58841806,0.1
1024,2048,128,8192,1.10505,,,,,1024,2048,128,8192,0.0133827,0.439668,0.4530507,,-0.590017918,0.140969163
128,2048,128,1024,0.0655997,,,,,128,2048,128,1024,0.0128787,0.0134557,0.0263344,,-0.59855914,0.172972973
256,1024,2048,4096,0.447484,,,,,256,1024,2048,4096,0.151068,0.0269402,0.1780082,,-0.60220209,0.0625
128,1024,128,1024,0.0659962,,,,,128,1024,128,1024,0.0128198,0.0132966,0.0261164,,-0.604274185,0.164948454
256,4096,2048,8192,0.957734,,,,,256,4096,2048,8192,0.1529,0.225617,0.378517,,-0.604778571,0.04494382
1024,1024,4096,4096,0.998766,,,,,1024,1024,4096,4096,0.300216,0.0917674,0.3919834,,-0.607532295,0.111111111
512,2048,4096,8192,1.36279,,,,,512,2048,4096,8192,0.299954,0.229711,0.529665,,-0.61133777,0.0625
512,2048,1024,4096,0.444499,,,,,512,2048,1024,4096,0.0789693,0.0936787,0.172648,,-0.611589677,0.137931034
1024,1024,2048,4096,0.630045,,,,,1024,1024,2048,4096,0.152536,0.0912067,0.2437427,,-0.613134459,0.142857143
1024,2048,128,2048,0.274672,,,,,1024,2048,128,2048,0.0134118,0.0914813,0.1048931,,-0.618115061,0.385542169
128,4096,1024,4096,0.397411,,,,,128,4096,1024,4096,0.0814832,0.0694723,0.1509555,,-0.620152688,0.046242775
1024,1024,128,2048,0.243855,,,,,1024,1024,128,2048,0.0131114,0.0790298,0.0921412,,-0.622147588,0.32
512,1024,8192,8192,1.92712,,,,,512,1024,8192,8192,0.616911,0.101558,0.718469,,-0.627179937,0.04
128,4096,128,2048,0.116097,,,,,128,4096,128,2048,0.0131328,0.0296906,0.0428234,,-0.631141201,0.1024
128,2048,1024,4096,0.293823,,,,,128,2048,1024,4096,0.0777366,0.0297238,0.1074604,,-0.63426825,0.04494382
256,4096,1024,8192,0.832733,,,,,256,4096,1024,8192,0.0793485,0.225051,0.3043995,,-0.634457263,0.049689441
256,1024,4096,8192,0.969397,,,,,256,1024,4096,8192,0.296759,0.0510166,0.3477756,,-0.641245434,0.032258065
256,1024,8192,8192,1.80525,,,,,256,1024,8192,8192,0.595869,0.0514477,0.6473167,,-0.641425454,0.024390244
256,2048,4096,8192,1.22221,,,,,256,2048,4096,8192,0.310028,0.123025,0.433053,,-0.645680366,0.035714286
128,4096,2048,8192,0.808826,,,,,128,4096,2048,8192,0.157738,0.128619,0.286357,,-0.6459597,0.023668639
256,2048,1024,4096,0.373669,,,,,256,2048,1024,4096,0.0810138,0.0511318,0.1321456,,-0.646356535,0.081632653
512,2048,2048,8192,1.09814,,,,,512,2048,2048,8192,0.153548,0.229883,0.383431,,-0.650835959,0.074074074
256,4096,128,8192,0.70802,,,,,256,4096,128,8192,0.0133869,0.226498,0.2398849,,-0.661189091,0.054747648
128,2048,4096,8192,1.08328,,,,,128,2048,4096,8192,0.295357,0.0692515,0.3646085,,-0.663421738,0.019230769
512,2048,128,2048,0.186759,,,,,512,2048,128,2048,0.0131923,0.0482179,0.0614102,,-0.671179434,0.273504274
1024,1024,4096,8192,1.59362,,,,,1024,1024,4096,8192,0.299857,0.223129,0.522986,,-0.671825153,0.076923077
128,4096,128,4096,0.25693,,,,,128,4096,128,4096,0.0131478,0.069561,0.0827088,,-0.678088195,0.055507372
512,2048,1024,8192,0.966518,,,,,512,2048,1024,8192,0.0789904,0.230403,0.3093934,,-0.679888631,0.081632653
128,1024,1024,4096,0.292447,,,,,128,1024,1024,4096,0.0767101,0.0159395,0.0926496,,-0.683191826,0.042553191
1024,1024,1024,4096,0.5435,,,,,1024,1024,1024,4096,0.0794374,0.0913331,0.1707705,,-0.685794848,0.166666667
128,4096,1024,8192,0.672704,,,,,128,4096,1024,8192,0.0812675,0.127876,0.2091435,,-0.689100258,0.026229508
128,1024,2048,8192,0.577634,,,,,128,1024,2048,8192,0.146782,0.0298067,0.1765887,,-0.694289637,0.02173913
512,1024,1024,4096,0.428676,,,,,512,1024,1024,4096,0.0812998,0.048775,0.1300748,,-0.696566171,0.117647059
512,1024,4096,8192,1.35731,,,,,512,1024,4096,8192,0.307985,0.10224,0.410225,,-0.69776617,0.052631579
512,1024,128,2048,0.186442,,,,,512,1024,128,2048,0.0132317,0.0419542,0.0551859,,-0.704004999,0.23880597
256,2048,2048,8192,0.950616,,,,,256,2048,2048,8192,0.157272,0.123585,0.280857,,-0.704552627,0.042553191
512,2048,128,4096,0.365643,,,,,512,2048,128,4096,0.0133635,0.0934166,0.1067801,,-0.70796624,0.162436548
512,2048,128,8192,0.850111,,,,,512,2048,128,8192,0.0132285,0.229806,0.2430345,,-0.714114392,0.089635854
1024,1024,2048,8192,1.3271,,,,,1024,1024,2048,8192,0.152582,0.224514,0.377096,,-0.715849597,0.090909091
256,1024,1024,4096,0.370417,,,,,256,1024,1024,4096,0.0780534,0.0269101,0.1049635,,-0.716634226,0.074074074
256,1024,2048,8192,0.738507,,,,,256,1024,2048,8192,0.151604,0.0515053,0.2031093,,-0.724973088,0.038461538
128,2048,2048,8192,0.803128,,,,,128,2048,2048,8192,0.151641,0.0689952,0.2206362,,-0.725278909,0.022988506
512,1024,2048,8192,0.971698,,,,,512,1024,2048,8192,0.159676,0.102229,0.261905,,-0.730466668,0.0625
256,2048,128,2048,0.155784,,,,,256,2048,128,2048,0.0132,0.0269139,0.0401139,,-0.742503081,0.172972973
128,4096,128,8192,0.555962,,,,,128,4096,128,8192,0.0133635,0.127902,0.1412655,,-0.745907994,0.028972386
1024,1024,1024,8192,1.19321,,,,,1024,1024,1024,8192,0.0789331,0.223245,0.3021781,,-0.746751955,0.1
256,2048,1024,8192,0.825264,,,,,256,2048,1024,8192,0.0809088,0.123303,0.2042118,,-0.75254973,0.047058824
128,2048,128,2048,0.118604,,,,,128,2048,128,2048,0.012865,0.0158592,0.0287242,,-0.757814239,0.099688474
256,1024,128,2048,0.154459,,,,,256,1024,128,2048,0.0128589,0.0232022,0.0360611,,-0.766532866,0.158415842
128,2048,1024,8192,0.631581,,,,,128,2048,1024,8192,0.0775923,0.068985,0.1465773,,-0.767920029,0.025477707
512,1024,1024,8192,0.816301,,,,,512,1024,1024,8192,0.081297,0.101474,0.182771,,-0.776098522,0.068965517
128,1024,128,2048,0.119551,,,,,128,1024,128,2048,0.0129597,0.0133757,0.0263354,,-0.779714097,0.094674556
1024,1024,128,8192,1.072,,,,,1024,1024,128,8192,0.0132662,0.222804,0.2360702,,-0.779785261,0.109589041
1024,1024,128,4096,0.476619,,,,,1024,1024,128,4096,0.0132915,0.0913856,0.1046771,,-0.78037573,0.195121951
256,2048,128,4096,0.302694,,,,,256,2048,128,4096,0.0131334,0.0511696,0.064303,,-0.787564339,0.097264438
128,1024,1024,8192,0.507547,,,,,128,1024,1024,8192,0.0766995,0.029543,0.1062425,,-0.790674558,0.024096386
256,2048,128,8192,0.693672,,,,,256,2048,128,8192,0.0131027,0.123035,0.1361377,,-0.803743412,0.051863857
256,1024,1024,8192,0.664764,,,,,256,1024,1024,8192,0.0776941,0.0509885,0.1286826,,-0.806423633,0.042553191
128,2048,128,4096,0.225165,,,,,128,2048,128,4096,0.0128838,0.0297754,0.0426592,,-0.810542491,0.053962901
512,1024,128,4096,0.36122,,,,,512,1024,128,4096,0.0130259,0.0482906,0.0613165,,-0.830251647,0.139130435
512,1024,128,8192,0.708738,,,,,512,1024,128,8192,0.0131789,0.101394,0.1145729,,-0.838342378,0.075829384
128,2048,128,8192,0.531054,,,,,128,2048,128,8192,0.0130467,0.0694243,0.082471,,-0.844703175,0.028144239
256,1024,128,4096,0.299543,,,,,256,1024,128,4096,0.0128634,0.0271082,0.0399716,,-0.866558057,0.08839779
128,1024,128,4096,0.2265,,,,,128,1024,128,4096,0.012967,0.0159962,0.0289632,,-0.872127152,0.051118211
256,1024,128,8192,0.598566,,,,,256,1024,128,8192,0.0130579,0.0513126,0.0643705,,-0.89245881,0.046920821
128,1024,128,8192,0.438049,,,,,128,1024,128,8192,0.0129494,0.0295437,0.0424931,,-0.902994642,0.026622296
